Town,Keyword,Keyword Type,Search Intent,Priority Tier
Quincy,quincy plumber,Local Service,Find plumbing services in Quincy,Tier 1
Quincy,quincy plumbing,Service Type,Find plumbing services in Quincy,Tier 1
Quincy,quincy drain cleaning,Specialized Service,Find drain cleaning in Quincy,Tier 2
Quincy,emergency plumber quincy,Emergency,Urgent plumbing help in Quincy,Tier 1
Quincy,plumber near quincy ma,Location-Based,Find nearby plumber in Quincy area,Tier 3
Abington,abington plumber,Local Service,Find plumbing services in Abington,Tier 1
Abington,abington plumbing,Service Type,Find plumbing services in Abington,Tier 1
Abington,abington drain cleaning,Specialized Service,Find drain cleaning in Abington,Tier 2
Abington,emergency plumber abington,Emergency,Urgent plumbing help in Abington,Tier 1
Abington,plumber near abington ma,Location-Based,Find nearby plumber in Abington area,Tier 3
Rockland,rockland plumber,Local Service,Find plumbing services in Rockland,Tier 1
Rockland,rockland plumbing,Service Type,Find plumbing services in Rockland,Tier 1
Rockland,rockland drain cleaning,Specialized Service,Find drain cleaning in Rockland,Tier 2
Rockland,emergency plumber rockland,Emergency,Urgent plumbing help in Rockland,Tier 1
Rockland,plumber near rockland ma,Location-Based,Find nearby plumber in Rockland area,Tier 3
Hanover,hanover plumber,Local Service,Find plumbing services in Hanover,Tier 1
Hanover,hanover plumbing,Service Type,Find plumbing services in Hanover,Tier 1
Hanover,hanover drain cleaning,Specialized Service,Find drain cleaning in Hanover,Tier 2
Hanover,emergency plumber hanover,Emergency,Urgent plumbing help in Hanover,Tier 1
Hanover,plumber near hanover ma,Location-Based,Find nearby plumber in Hanover area,Tier 3
Braintree,braintree plumber,Local Service,Find plumbing services in Braintree,Tier 1
Braintree,braintree plumbing,Service Type,Find plumbing services in Braintree,Tier 1
Braintree,braintree drain cleaning,Specialized Service,Find drain cleaning in Braintree,Tier 2
Braintree,emergency plumber braintree,Emergency,Urgent plumbing help in Braintree,Tier 1
Braintree,plumber near braintree ma,Location-Based,Find nearby plumber in Braintree area,Tier 3
Weymouth,weymouth plumber,Local Service,Find plumbing services in Weymouth,Tier 1
Weymouth,weymouth plumbing,Service Type,Find plumbing services in Weymouth,Tier 1
Weymouth,weymouth drain cleaning,Specialized Service,Find drain cleaning in Weymouth,Tier 2
Weymouth,emergency plumber weymouth,Emergency,Urgent plumbing help in Weymouth,Tier 1
Weymouth,plumber near weymouth ma,Location-Based,Find nearby plumber in Weymouth area,Tier 3
Hull,hull plumber,Local Service,Find plumbing services in Hull,Tier 1
Hull,hull plumbing,Service Type,Find plumbing services in Hull,Tier 1
Hull,hull drain cleaning,Specialized Service,Find drain cleaning in Hull,Tier 2
Hull,emergency plumber hull,Emergency,Urgent plumbing help in Hull,Tier 1
Hull,plumber near hull ma,Location-Based,Find nearby plumber in Hull area,Tier 3
Hingham,hingham plumber,Local Service,Find plumbing services in Hingham,Tier 1
Hingham,hingham plumbing,Service Type,Find plumbing services in Hingham,Tier 1
Hingham,hingham drain cleaning,Specialized Service,Find drain cleaning in Hingham,Tier 2
Hingham,emergency plumber hingham,Emergency,Urgent plumbing help in Hingham,Tier 1
Hingham,plumber near hingham ma,Location-Based,Find nearby plumber in Hingham area,Tier 3
Scituate,scituate plumber,Local Service,Find plumbing services in Scituate,Tier 1
Scituate,scituate plumbing,Service Type,Find plumbing services in Scituate,Tier 1
Scituate,scituate drain cleaning,Specialized Service,Find drain cleaning in Scituate,Tier 2
Scituate,emergency plumber scituate,Emergency,Urgent plumbing help in Scituate,Tier 1
Scituate,plumber near scituate ma,Location-Based,Find nearby plumber in Scituate area,Tier 3
Marshfield,marshfield plumber,Local Service,Find plumbing services in Marshfield,Tier 1
Marshfield,marshfield plumbing,Service Type,Find plumbing services in Marshfield,Tier 1
Marshfield,marshfield drain cleaning,Specialized Service,Find drain cleaning in Marshfield,Tier 2
Marshfield,emergency plumber marshfield,Emergency,Urgent plumbing help in Marshfield,Tier 1
Marshfield,plumber near marshfield ma,Location-Based,Find nearby plumber in Marshfield area,Tier 3
Cohasset,cohasset plumber,Local Service,Find plumbing services in Cohasset,Tier 1
Cohasset,cohasset plumbing,Service Type,Find plumbing services in Cohasset,Tier 1
Cohasset,cohasset drain cleaning,Specialized Service,Find drain cleaning in Cohasset,Tier 2
Cohasset,emergency plumber cohasset,Emergency,Urgent plumbing help in Cohasset,Tier 1
Cohasset,plumber near cohasset ma,Location-Based,Find nearby plumber in Cohasset area,Tier 3
Plymouth,plymouth plumber,Local Service,Find plumbing services in Plymouth,Tier 1
Plymouth,plymouth plumbing,Service Type,Find plumbing services in Plymouth,Tier 1
Plymouth,plymouth drain cleaning,Specialized Service,Find drain cleaning in Plymouth,Tier 2
Plymouth,emergency plumber plymouth,Emergency,Urgent plumbing help in Plymouth,Tier 1
Plymouth,plumber near plymouth ma,Location-Based,Find nearby plumber in Plymouth area,Tier 3
Milton,milton plumber,Local Service,Find plumbing services in Milton,Tier 1
Milton,milton plumbing,Service Type,Find plumbing services in Milton,Tier 1
Milton,milton drain cleaning,Specialized Service,Find drain cleaning in Milton,Tier 2
Milton,emergency plumber milton,Emergency,Urgent plumbing help in Milton,Tier 1
Milton,plumber near milton ma,Location-Based,Find nearby plumber in Milton area,Tier 3
Randolph,randolph plumber,Local Service,Find plumbing services in Randolph,Tier 1
Randolph,randolph plumbing,Service Type,Find plumbing services in Randolph,Tier 1
Randolph,randolph drain cleaning,Specialized Service,Find drain cleaning in Randolph,Tier 2
Randolph,emergency plumber randolph,Emergency,Urgent plumbing help in Randolph,Tier 1
Randolph,plumber near randolph ma,Location-Based,Find nearby plumber in Randolph area,Tier 3
Holbrook,holbrook plumber,Local Service,Find plumbing services in Holbrook,Tier 1
Holbrook,holbrook plumbing,Service Type,Find plumbing services in Holbrook,Tier 1
Holbrook,holbrook drain cleaning,Specialized Service,Find drain cleaning in Holbrook,Tier 2
Holbrook,emergency plumber holbrook,Emergency,Urgent plumbing help in Holbrook,Tier 1
Holbrook,plumber near holbrook ma,Location-Based,Find nearby plumber in Holbrook area,Tier 3
Norwell,norwell plumber,Local Service,Find plumbing services in Norwell,Tier 1
Norwell,norwell plumbing,Service Type,Find plumbing services in Norwell,Tier 1
Norwell,norwell drain cleaning,Specialized Service,Find drain cleaning in Norwell,Tier 2
Norwell,emergency plumber norwell,Emergency,Urgent plumbing help in Norwell,Tier 1
Norwell,plumber near norwell ma,Location-Based,Find nearby plumber in Norwell area,Tier 3
Whitman,whitman plumber,Local Service,Find plumbing services in Whitman,Tier 1
Whitman,whitman plumbing,Service Type,Find plumbing services in Whitman,Tier 1
Whitman,whitman drain cleaning,Specialized Service,Find drain cleaning in Whitman,Tier 2
Whitman,emergency plumber whitman,Emergency,Urgent plumbing help in Whitman,Tier 1
Whitman,plumber near whitman ma,Location-Based,Find nearby plumber in Whitman area,Tier 3
Stoughton,stoughton plumber,Local Service,Find plumbing services in Stoughton,Tier 1
Stoughton,stoughton plumbing,Service Type,Find plumbing services in Stoughton,Tier 1
Stoughton,stoughton drain cleaning,Specialized Service,Find drain cleaning in Stoughton,Tier 2
Stoughton,emergency plumber stoughton,Emergency,Urgent plumbing help in Stoughton,Tier 1
Stoughton,plumber near stoughton ma,Location-Based,Find nearby plumber in Stoughton area,Tier 3
Canton,canton plumber,Local Service,Find plumbing services in Canton,Tier 1
Canton,canton plumbing,Service Type,Find plumbing services in Canton,Tier 1
Canton,canton drain cleaning,Specialized Service,Find drain cleaning in Canton,Tier 2
Canton,emergency plumber canton,Emergency,Urgent plumbing help in Canton,Tier 1
Canton,plumber near canton ma,Location-Based,Find nearby plumber in Canton area,Tier 3
Pembroke,pembroke plumber,Local Service,Find plumbing services in Pembroke,Tier 1
Pembroke,pembroke plumbing,Service Type,Find plumbing services in Pembroke,Tier 1
Pembroke,pembroke drain cleaning,Specialized Service,Find drain cleaning in Pembroke,Tier 2
Pembroke,emergency plumber pembroke,Emergency,Urgent plumbing help in Pembroke,Tier 1
Pembroke,plumber near pembroke ma,Location-Based,Find nearby plumber in Pembroke area,Tier 3
Hanson,hanson plumber,Local Service,Find plumbing services in Hanson,Tier 1
Hanson,hanson plumbing,Service Type,Find plumbing services in Hanson,Tier 1
Hanson,hanson drain cleaning,Specialized Service,Find drain cleaning in Hanson,Tier 2
Hanson,emergency plumber hanson,Emergency,Urgent plumbing help in Hanson,Tier 1
Hanson,plumber near hanson ma,Location-Based,Find nearby plumber in Hanson area,Tier 3
East Bridgewater,east bridgewater plumber,Local Service,Find plumbing services in East Bridgewater,Tier 1
East Bridgewater,east bridgewater plumbing,Service Type,Find plumbing services in East Bridgewater,Tier 1
East Bridgewater,east bridgewater drain cleaning,Specialized Service,Find drain cleaning in East Bridgewater,Tier 2
East Bridgewater,emergency plumber east bridgewater,Emergency,Urgent plumbing help in East Bridgewater,Tier 1
East Bridgewater,plumber near east bridgewater ma,Location-Based,Find nearby plumber in East Bridgewater area,Tier 3
Duxbury,duxbury plumber,Local Service,Find plumbing services in Duxbury,Tier 1
Duxbury,duxbury plumbing,Service Type,Find plumbing services in Duxbury,Tier 1
Duxbury,duxbury drain cleaning,Specialized Service,Find drain cleaning in Duxbury,Tier 2
Duxbury,emergency plumber duxbury,Emergency,Urgent plumbing help in Duxbury,Tier 1
Duxbury,plumber near duxbury ma,Location-Based,Find nearby plumber in Duxbury area,Tier 3
Kingston,kingston plumber,Local Service,Find plumbing services in Kingston,Tier 1
Kingston,kingston plumbing,Service Type,Find plumbing services in Kingston,Tier 1
Kingston,kingston drain cleaning,Specialized Service,Find drain cleaning in Kingston,Tier 2
Kingston,emergency plumber kingston,Emergency,Urgent plumbing help in Kingston,Tier 1
Kingston,plumber near kingston ma,Location-Based,Find nearby plumber in Kingston area,Tier 3
Halifax,halifax plumber,Local Service,Find plumbing services in Halifax,Tier 1
Halifax,halifax plumbing,Service Type,Find plumbing services in Halifax,Tier 1
Halifax,halifax drain cleaning,Specialized Service,Find drain cleaning in Halifax,Tier 2
Halifax,emergency plumber halifax,Emergency,Urgent plumbing help in Halifax,Tier 1
Halifax,plumber near halifax ma,Location-Based,Find nearby plumber in Halifax area,Tier 3
